"","Sport","Discipline","Event","Gender"
"2","Judo","Judo","- 48 kg","W"
"3","Judo","Judo","- 48 kg","W"
"4","Judo","Judo","- 48 kg","W"
"6","Wrestling","Wrestling Free.","- 48kg","W"
"7","Wrestling","Wrestling Free.","- 48kg","W"
"8","Wrestling","Wrestling Free.","- 48kg","W"
"10","Taekwondo","Taekwondo","- 49 kg","W"
"11","Taekwondo","Taekwondo","- 49 kg","W"
"12","Taekwondo","Taekwondo","- 49 kg","W"
"14","Wrestling","Wrestling Free.","- 55kg","M"
"15","Wrestling","Wrestling Free.","- 55kg","M"
"16","Wrestling","Wrestling Free.","- 55kg","M"
"18","Wrestling","Wrestling Gre-R","- 55kg","M"
"19","Wrestling","Wrestling Gre-R","- 55kg","M"
"20","Wrestling","Wrestling Gre-R","- 55kg","M"
"22","Weightlifting","Weightlifting","- 56kg, total (bantamweight)","M"
"23","Weightlifting","Weightlifting","- 56kg, total (bantamweight)","M"
"25","Taekwondo","Taekwondo","- 58 kg","M"
"26","Taekwondo","Taekwondo","- 58 kg","M"
"27","Taekwondo","Taekwondo","- 58 kg","M"
"29","Judo","Judo","- 60 kg","M"
"30","Judo","Judo","- 60 kg","M"
"31","Judo","Judo","- 60 kg","M"
"33","Judo","Judo","+ 100kg (heavyweight)","M"
"34","Judo","Judo","+ 100kg (heavyweight)","M"
"35","Judo","Judo","+ 100kg (heavyweight)","M"
"37","Weightlifting","Weightlifting","+ 105kg","M"
"38","Weightlifting","Weightlifting","+ 105kg","M"
"40","Taekwondo","Taekwondo","+ 67 kg","W"
"41","Taekwondo","Taekwondo","+ 67 kg","W"
"42","Taekwondo","Taekwondo","+ 67 kg","W"
"44","Weightlifting","Weightlifting","+ 75kg","W"
"45","Weightlifting","Weightlifting","+ 75kg","W"
"47","Judo","Judo","+ 78kg (heavyweight)","W"
"48","Judo","Judo","+ 78kg (heavyweight)","W"
"49","Judo","Judo","+ 78kg (heavyweight)","W"
"51","Taekwondo","Taekwondo","+ 80 kg","M"
"52","Taekwondo","Taekwondo","+ 80 kg","M"
"53","Taekwondo","Taekwondo","+ 80 kg","M"
"55","Boxing","Boxing","+ 91kg (super heavyweight)","M"
"56","Boxing","Boxing","+ 91kg (super heavyweight)","M"
"57","Boxing","Boxing","+ 91kg (super heavyweight)","M"
"59","Athletics","Athletics","10000m","M"
"60","Athletics","Athletics","10000m","M"
"62","Athletics","Athletics","10000m","W"
"63","Athletics","Athletics","10000m","W"
"65","Athletics","Athletics","100m","M"
"66","Athletics","Athletics","100m","M"
"68","Athletics","Athletics","100m","W"
"69","Athletics","Athletics","100m","W"
"71","Aquatics","Swimming","100m backstroke","M"
"72","Aquatics","Swimming","100m backstroke","M"
"73","Aquatics","Swimming","100m backstroke","M"
"75","Aquatics","Swimming","100m backstroke","W"
"76","Aquatics","Swimming","100m backstroke","W"
"78","Aquatics","Swimming","100m breaststroke","M"
"79","Aquatics","Swimming","100m breaststroke","M"
"81","Aquatics","Swimming","100m breaststroke","W"
"82","Aquatics","Swimming","100m breaststroke","W"
"84","Aquatics","Swimming","100m butterfly","M"
"85","Aquatics","Swimming","100m butterfly","M"
"87","Aquatics","Swimming","100m butterfly","W"
"88","Aquatics","Swimming","100m butterfly","W"
"90","Aquatics","Swimming","100m freestyle","M"
"91","Aquatics","Swimming","100m freestyle","M"
"92","Aquatics","Swimming","100m freestyle","M"
"94","Aquatics","Swimming","100m freestyle","W"
"95","Aquatics","Swimming","100m freestyle","W"
"97","Athletics","Athletics","100m hurdles","W"
"98","Athletics","Athletics","100m hurdles","W"
"100","Weightlifting","Weightlifting","105kg","M"
"101","Weightlifting","Weightlifting","105kg","M"
"103","Shooting","Shooting","10m air pistol (40 shots)","W"
"104","Shooting","Shooting","10m air pistol (40 shots)","W"
"106","Shooting","Shooting","10m air pistol (60 shots)","M"
"107","Shooting","Shooting","10m air pistol (60 shots)","M"
"109","Shooting","Shooting","10m air rifle (40 shots)","W"
"110","Shooting","Shooting","10m air rifle (40 shots)","W"
"112","Shooting","Shooting","10m air rifle (60 shots)","M"
"113","Shooting","Shooting","10m air rifle (60 shots)","M"
"115","Aquatics","Diving","10m platform","M"
"116","Aquatics","Diving","10m platform","M"
"118","Aquatics","Diving","10m platform","W"
"119","Aquatics","Diving","10m platform","W"
"121","Athletics","Athletics","110m hurdles","M"
"122","Athletics","Athletics","110m hurdles","M"
"124","Athletics","Athletics","1500m","M"
"125","Athletics","Athletics","1500m","M"
"127","Athletics","Athletics","1500m","W"
"128","Athletics","Athletics","1500m","W"
"130","Aquatics","Swimming","1500m freestyle","M"
"131","Aquatics","Swimming","1500m freestyle","M"
"133","Athletics","Athletics","200m","M"
"134","Athletics","Athletics","200m","M"
"136","Athletics","Athletics","200m","W"
"137","Athletics","Athletics","200m","W"
"139","Aquatics","Swimming","200m backstroke","M"
"140","Aquatics","Swimming","200m backstroke","M"
"142","Aquatics","Swimming","200m backstroke","W"
"143","Aquatics","Swimming","200m backstroke","W"
"145","Aquatics","Swimming","200m breaststroke","M"
"146","Aquatics","Swimming","200m breaststroke","M"
"148","Aquatics","Swimming","200m breaststroke","W"
"149","Aquatics","Swimming","200m breaststroke","W"
"151","Aquatics","Swimming","200m butterfly","M"
"152","Aquatics","Swimming","200m butterfly","M"
"154","Aquatics","Swimming","200m butterfly","W"
"155","Aquatics","Swimming","200m butterfly","W"
"157","Aquatics","Swimming","200m freestyle","M"
"158","Aquatics","Swimming","200m freestyle","M"
"160","Aquatics","Swimming","200m freestyle","W"
"161","Aquatics","Swimming","200m freestyle","W"
"163","Aquatics","Swimming","200m individual medley","M"
"164","Aquatics","Swimming","200m individual medley","M"
"166","Aquatics","Swimming","200m individual medley","W"
"167","Aquatics","Swimming","200m individual medley","W"
"169","Athletics","Athletics","20km race walk","W"
"170","Athletics","Athletics","20km race walk","W"
"172","Athletics","Athletics","20km walk","M"
"173","Athletics","Athletics","20km walk","M"
"175","Shooting","Shooting","25m pistol (30+30 shots)","W"
"176","Shooting","Shooting","25m pistol (30+30 shots)","W"
"178","Shooting","Shooting","25m rapid fire pistol (60 shots)","M"
"179","Shooting","Shooting","25m rapid fire pistol (60 shots)","M"
"181","Athletics","Athletics","3000m steeplechase","M"
"182","Athletics","Athletics","3000m steeplechase","M"
"184","Athletics","Athletics","3000m steeplechase","W"
"185","Athletics","Athletics","3000m steeplechase","W"
"187","Aquatics","Diving","3m springboard","M"
"188","Aquatics","Diving","3m springboard","M"
"190","Aquatics","Diving","3m springboard","W"
"191","Aquatics","Diving","3m springboard","W"
"193","Athletics","Athletics","400m","M"
"194","Athletics","Athletics","400m","M"
"196","Athletics","Athletics","400m","W"
"197","Athletics","Athletics","400m","W"
"199","Aquatics","Swimming","400m freestyle","M"
"200","Aquatics","Swimming","400m freestyle","M"
"202","Aquatics","Swimming","400m freestyle","W"
"203","Aquatics","Swimming","400m freestyle","W"
"205","Athletics","Athletics","400m hurdles","M"
"206","Athletics","Athletics","400m hurdles","M"
"208","Athletics","Athletics","400m hurdles","W"
"209","Athletics","Athletics","400m hurdles","W"
"211","Aquatics","Swimming","400m individual medley","M"
"212","Aquatics","Swimming","400m individual medley","M"
"214","Aquatics","Swimming","400m individual medley","W"
"215","Aquatics","Swimming","400m individual medley","W"
"217","Sailing","Sailing","470 - Two Person Dinghy","M"
"218","Sailing","Sailing","470 - Two Person Dinghy","M"
"219","Sailing","Sailing","470 - Two Person Dinghy","M"
"220","Sailing","Sailing","470 - Two Person Dinghy","M"
"221","Sailing","Sailing","470 - Two Person Dinghy","M"
"223","Sailing","Sailing","470 - Two Person Dinghy","W"
"224","Sailing","Sailing","470 - Two Person Dinghy","W"
"225","Sailing","Sailing","470 - Two Person Dinghy","W"
"226","Sailing","Sailing","470 - Two Person Dinghy","W"
"227","Sailing","Sailing","470 - Two Person Dinghy","W"
"229","Boxing","Boxing","48 - 51kg (flyweight)","M"
"230","Boxing","Boxing","48 - 51kg (flyweight)","M"
"231","Boxing","Boxing","48 - 51kg (flyweight)","M"
"233","Judo","Judo","48 - 52kg (half-lightweight)","W"
"234","Judo","Judo","48 - 52kg (half-lightweight)","W"
"235","Judo","Judo","48 - 52kg (half-lightweight)","W"
"237","Wrestling","Wrestling Free.","48 - 55kg","W"
"238","Wrestling","Wrestling Free.","48 - 55kg","W"
"239","Wrestling","Wrestling Free.","48 - 55kg","W"
"241","Weightlifting","Weightlifting","48kg","W"
"242","Weightlifting","Weightlifting","48kg","W"
"244","Boxing","Boxing","48kg (light flywieght)","M"
"245","Boxing","Boxing","48kg (light flywieght)","M"
"246","Boxing","Boxing","48kg (light flywieght)","M"
"248","Taekwondo","Taekwondo","49 - 57 kg","W"
"249","Taekwondo","Taekwondo","49 - 57 kg","W"
"250","Taekwondo","Taekwondo","49 - 57 kg","W"
"252","Sailing","Sailing","49er - Skiff","X"
"253","Sailing","Sailing","49er - Skiff","X"
"254","Sailing","Sailing","49er - Skiff","X"
"255","Sailing","Sailing","49er - Skiff","X"
"256","Sailing","Sailing","49er - Skiff","X"
"258","Aquatics","Swimming","4x100m freestyle relay","M"
"259","Aquatics","Swimming","4x100m freestyle relay","M"
"260","Aquatics","Swimming","4x100m freestyle relay","M"
"261","Aquatics","Swimming","4x100m freestyle relay","M"
"262","Aquatics","Swimming","4x100m freestyle relay","M"
"263","Aquatics","Swimming","4x100m freestyle relay","M"
"264","Aquatics","Swimming","4x100m freestyle relay","M"
"265","Aquatics","Swimming","4x100m freestyle relay","M"
"266","Aquatics","Swimming","4x100m freestyle relay","M"
"267","Aquatics","Swimming","4x100m freestyle relay","M"
"268","Aquatics","Swimming","4x100m freestyle relay","M"
"269","Aquatics","Swimming","4x100m freestyle relay","M"
"270","Aquatics","Swimming","4x100m freestyle relay","M"
"271","Aquatics","Swimming","4x100m freestyle relay","M"
"272","Aquatics","Swimming","4x100m freestyle relay","M"
"273","Aquatics","Swimming","4x100m freestyle relay","M"
"274","Aquatics","Swimming","4x100m freestyle relay","M"
"275","Aquatics","Swimming","4x100m freestyle relay","M"
"277","Aquatics","Swimming","4x100m freestyle relay","W"
"278","Aquatics","Swimming","4x100m freestyle relay","W"
"279","Aquatics","Swimming","4x100m freestyle relay","W"
"280","Aquatics","Swimming","4x100m freestyle relay","W"
"281","Aquatics","Swimming","4x100m freestyle relay","W"
"282","Aquatics","Swimming","4x100m freestyle relay","W"
"283","Aquatics","Swimming","4x100m freestyle relay","W"
"284","Aquatics","Swimming","4x100m freestyle relay","W"
"285","Aquatics","Swimming","4x100m freestyle relay","W"
"286","Aquatics","Swimming","4x100m freestyle relay","W"
"287","Aquatics","Swimming","4x100m freestyle relay","W"
"288","Aquatics","Swimming","4x100m freestyle relay","W"
"289","Aquatics","Swimming","4x100m freestyle relay","W"
"290","Aquatics","Swimming","4x100m freestyle relay","W"
"291","Aquatics","Swimming","4x100m freestyle relay","W"
"292","Aquatics","Swimming","4x100m freestyle relay","W"
"294","Aquatics","Swimming","4x100m medley relay","M"
"295","Aquatics","Swimming","4x100m medley relay","M"
"296","Aquatics","Swimming","4x100m medley relay","M"
"297","Aquatics","Swimming","4x100m medley relay","M"
"298","Aquatics","Swimming","4x100m medley relay","M"
"299","Aquatics","Swimming","4x100m medley relay","M"
"300","Aquatics","Swimming","4x100m medley relay","M"
"301","Aquatics","Swimming","4x100m medley relay","M"
"302","Aquatics","Swimming","4x100m medley relay","M"
"303","Aquatics","Swimming","4x100m medley relay","M"
"304","Aquatics","Swimming","4x100m medley relay","M"
"305","Aquatics","Swimming","4x100m medley relay","M"
"306","Aquatics","Swimming","4x100m medley relay","M"
"307","Aquatics","Swimming","4x100m medley relay","M"
"308","Aquatics","Swimming","4x100m medley relay","M"
"309","Aquatics","Swimming","4x100m medley relay","M"
"310","Aquatics","Swimming","4x100m medley relay","M"
"311","Aquatics","Swimming","4x100m medley relay","M"
"312","Aquatics","Swimming","4x100m medley relay","M"
"314","Aquatics","Swimming","4x100m medley relay","W"
"315","Aquatics","Swimming","4x100m medley relay","W"
"316","Aquatics","Swimming","4x100m medley relay","W"
"317","Aquatics","Swimming","4x100m medley relay","W"
"318","Aquatics","Swimming","4x100m medley relay","W"
"319","Aquatics","Swimming","4x100m medley relay","W"
"320","Aquatics","Swimming","4x100m medley relay","W"
"321","Aquatics","Swimming","4x100m medley relay","W"
"322","Aquatics","Swimming","4x100m medley relay","W"
"323","Aquatics","Swimming","4x100m medley relay","W"
"324","Aquatics","Swimming","4x100m medley relay","W"
"325","Aquatics","Swimming","4x100m medley relay","W"
"326","Aquatics","Swimming","4x100m medley relay","W"
"327","Aquatics","Swimming","4x100m medley relay","W"
"328","Aquatics","Swimming","4x100m medley relay","W"
"329","Aquatics","Swimming","4x100m medley relay","W"
"330","Aquatics","Swimming","4x100m medley relay","W"
"331","Aquatics","Swimming","4x100m medley relay","W"
"332","Aquatics","Swimming","4x100m medley relay","W"
"334","Athletics","Athletics","4x100m relay","M"
"335","Athletics","Athletics","4x100m relay","M"
"336","Athletics","Athletics","4x100m relay","M"
"337","Athletics","Athletics","4x100m relay","M"
"338","Athletics","Athletics","4x100m relay","M"
"339","Athletics","Athletics","4x100m relay","M"
"340","Athletics","Athletics","4x100m relay","M"
"341","Athletics","Athletics","4x100m relay","M"
"342","Athletics","Athletics","4x100m relay","M"
"343","Athletics","Athletics","4x100m relay","M"
"344","Athletics","Athletics","4x100m relay","M"
"346","Athletics","Athletics","4x100m relay","W"
"347","Athletics","Athletics","4x100m relay","W"
"348","Athletics","Athletics","4x100m relay","W"
"349","Athletics","Athletics","4x100m relay","W"
"350","Athletics","Athletics","4x100m relay","W"
"351","Athletics","Athletics","4x100m relay","W"
"352","Athletics","Athletics","4x100m relay","W"
"353","Athletics","Athletics","4x100m relay","W"
"354","Athletics","Athletics","4x100m relay","W"
"355","Athletics","Athletics","4x100m relay","W"
"356","Athletics","Athletics","4x100m relay","W"
"358","Aquatics","Swimming","4x200m freestyle relay","M"
"359","Aquatics","Swimming","4x200m freestyle relay","M"
"360","Aquatics","Swimming","4x200m freestyle relay","M"
"361","Aquatics","Swimming","4x200m freestyle relay","M"
"362","Aquatics","Swimming","4x200m freestyle relay","M"
"363","Aquatics","Swimming","4x200m freestyle relay","M"
"364","Aquatics","Swimming","4x200m freestyle relay","M"
"365","Aquatics","Swimming","4x200m freestyle relay","M"
"366","Aquatics","Swimming","4x200m freestyle relay","M"
"367","Aquatics","Swimming","4x200m freestyle relay","M"
"368","Aquatics","Swimming","4x200m freestyle relay","M"
"369","Aquatics","Swimming","4x200m freestyle relay","M"
"370","Aquatics","Swimming","4x200m freestyle relay","M"
"371","Aquatics","Swimming","4x200m freestyle relay","M"
"372","Aquatics","Swimming","4x200m freestyle relay","M"
"373","Aquatics","Swimming","4x200m freestyle relay","M"
"374","Aquatics","Swimming","4x200m freestyle relay","M"
"376","Aquatics","Swimming","4x200m freestyle relay","W"
"377","Aquatics","Swimming","4x200m freestyle relay","W"
"378","Aquatics","Swimming","4x200m freestyle relay","W"
"379","Aquatics","Swimming","4x200m freestyle relay","W"
"380","Aquatics","Swimming","4x200m freestyle relay","W"
"381","Aquatics","Swimming","4x200m freestyle relay","W"
"382","Aquatics","Swimming","4x200m freestyle relay","W"
"383","Aquatics","Swimming","4x200m freestyle relay","W"
"384","Aquatics","Swimming","4x200m freestyle relay","W"
"385","Aquatics","Swimming","4x200m freestyle relay","W"
"386","Aquatics","Swimming","4x200m freestyle relay","W"
"387","Aquatics","Swimming","4x200m freestyle relay","W"
"388","Aquatics","Swimming","4x200m freestyle relay","W"
"389","Aquatics","Swimming","4x200m freestyle relay","W"
"390","Aquatics","Swimming","4x200m freestyle relay","W"
"391","Aquatics","Swimming","4x200m freestyle relay","W"
"392","Aquatics","Swimming","4x200m freestyle relay","W"
"393","Aquatics","Swimming","4x200m freestyle relay","W"
"394","Aquatics","Swimming","4x200m freestyle relay","W"
"396","Athletics","Athletics","4x400m relay","M"
"397","Athletics","Athletics","4x400m relay","M"
"398","Athletics","Athletics","4x400m relay","M"
"399","Athletics","Athletics","4x400m relay","M"
"400","Athletics","Athletics","4x400m relay","M"
"401","Athletics","Athletics","4x400m relay","M"
"402","Athletics","Athletics","4x400m relay","M"
"403","Athletics","Athletics","4x400m relay","M"
"404","Athletics","Athletics","4x400m relay","M"
"405","Athletics","Athletics","4x400m relay","M"
"406","Athletics","Athletics","4x400m relay","M"
"408","Athletics","Athletics","4x400m relay","W"
"409","Athletics","Athletics","4x400m relay","W"
"410","Athletics","Athletics","4x400m relay","W"
"411","Athletics","Athletics","4x400m relay","W"
"412","Athletics","Athletics","4x400m relay","W"
"413","Athletics","Athletics","4x400m relay","W"
"414","Athletics","Athletics","4x400m relay","W"
"415","Athletics","Athletics","4x400m relay","W"
"416","Athletics","Athletics","4x400m relay","W"
"417","Athletics","Athletics","4x400m relay","W"
"418","Athletics","Athletics","4x400m relay","W"
"420","Athletics","Athletics","5000m","M"
"421","Athletics","Athletics","5000m","M"
"423","Athletics","Athletics","5000m","W"
"424","Athletics","Athletics","5000m","W"
"426","Athletics","Athletics","50km walk","M"
"427","Athletics","Athletics","50km walk","M"
"429","Aquatics","Swimming","50m freestyle","M"
"430","Aquatics","Swimming","50m freestyle","M"
"432","Aquatics","Swimming","50m freestyle","W"
"433","Aquatics","Swimming","50m freestyle","W"
"435","Shooting","Shooting","50m pistol (60 shots)","M"
"436","Shooting","Shooting","50m pistol (60 shots)","M"
"438","Shooting","Shooting","50m rifle 3 positions (3x20 shots)","W"
"439","Shooting","Shooting","50m rifle 3 positions (3x20 shots)","W"
"441","Shooting","Shooting","50m rifle 3 positions (3x40 shots)","M"
"442","Shooting","Shooting","50m rifle 3 positions (3x40 shots)","M"
"444","Shooting","Shooting","50m rifle prone (60 shots)","M"
"445","Shooting","Shooting","50m rifle prone (60 shots)","M"
"447","Boxing","Boxing","51 - 54kg (bantamweight)","M"
"448","Boxing","Boxing","51 - 54kg (bantamweight)","M"
"449","Boxing","Boxing","51 - 54kg (bantamweight)","M"
"451","Judo","Judo","52 - 57kg (lightweight)","W"
"452","Judo","Judo","52 - 57kg (lightweight)","W"
"453","Judo","Judo","52 - 57kg (lightweight)","W"
"455","Weightlifting","Weightlifting","53kg","W"
"456","Weightlifting","Weightlifting","53kg","W"
"458","Boxing","Boxing","54 - 57kg (featherweight)","M"
"459","Boxing","Boxing","54 - 57kg (featherweight)","M"
"460","Boxing","Boxing","54 - 57kg (featherweight)","M"
"462","Wrestling","Wrestling Free.","55 - 60kg","M"
"463","Wrestling","Wrestling Free.","55 - 60kg","M"
"464","Wrestling","Wrestling Free.","55 - 60kg","M"
"466","Wrestling","Wrestling Gre-R","55 - 60kg","M"
"467","Wrestling","Wrestling Gre-R","55 - 60kg","M"
"468","Wrestling","Wrestling Gre-R","55 - 60kg","M"
"470","Wrestling","Wrestling Free.","55 - 63kg","W"
"471","Wrestling","Wrestling Free.","55 - 63kg","W"
"472","Wrestling","Wrestling Free.","55 - 63kg","W"
"474","Boxing","Boxing","57 - 60kg (lightweight)","M"
"475","Boxing","Boxing","57 - 60kg (lightweight)","M"
"476","Boxing","Boxing","57 - 60kg (lightweight)","M"
"478","Judo","Judo","57 - 63kg (half-middleweight)","W"
"479","Judo","Judo","57 - 63kg (half-middleweight)","W"
"480","Judo","Judo","57 - 63kg (half-middleweight)","W"
"482","Taekwondo","Taekwondo","57 - 67 kg","W"
"483","Taekwondo","Taekwondo","57 - 67 kg","W"
"484","Taekwondo","Taekwondo","57 - 67 kg","W"
"486","Taekwondo","Taekwondo","58 - 68 kg","M"
"487","Taekwondo","Taekwondo","58 - 68 kg","M"
"488","Taekwondo","Taekwondo","58 - 68 kg","M"
"490","Weightlifting","Weightlifting","58kg","W"
"491","Weightlifting","Weightlifting","58kg","W"
"493","Boxing","Boxing","60 - 64 kg","M"
"494","Boxing","Boxing","60 - 64 kg","M"
"495","Boxing","Boxing","60 - 64 kg","M"
"497","Wrestling","Wrestling Free.","60 - 66kg","M"
"498","Wrestling","Wrestling Free.","60 - 66kg","M"
"499","Wrestling","Wrestling Free.","60 - 66kg","M"
"501","Wrestling","Wrestling Gre-R","60 - 66kg","M"
"502","Wrestling","Wrestling Gre-R","60 - 66kg","M"
"503","Wrestling","Wrestling Gre-R","60 - 66kg","M"
"505","Judo","Judo","60 - 66kg (half-lightweight)","M"
"506","Judo","Judo","60 - 66kg (half-lightweight)","M"
"507","Judo","Judo","60 - 66kg (half-lightweight)","M"
"509","Weightlifting","Weightlifting","62kg","M"
"510","Weightlifting","Weightlifting","62kg","M"
"512","Judo","Judo","63 - 70kg (middleweight)","W"
"513","Judo","Judo","63 - 70kg (middleweight)","W"
"514","Judo","Judo","63 - 70kg (middleweight)","W"
"516","Wrestling","Wrestling Free.","63 - 72kg","W"
"517","Wrestling","Wrestling Free.","63 - 72kg","W"
"518","Wrestling","Wrestling Free.","63 - 72kg","W"
"520","Weightlifting","Weightlifting","63kg","W"
"521","Weightlifting","Weightlifting","63kg","W"
"523","Boxing","Boxing","64 - 69 kg","M"
"524","Boxing","Boxing","64 - 69 kg","M"
"525","Boxing","Boxing","64 - 69 kg","M"
"527","Judo","Judo","66 - 73kg (lightweight)","M"
"528","Judo","Judo","66 - 73kg (lightweight)","M"
"529","Judo","Judo","66 - 73kg (lightweight)","M"
"531","Wrestling","Wrestling Free.","66 - 74kg","M"
"532","Wrestling","Wrestling Free.","66 - 74kg","M"
"533","Wrestling","Wrestling Free.","66 - 74kg","M"
"535","Wrestling","Wrestling Gre-R","66 - 74kg","M"
"536","Wrestling","Wrestling Gre-R","66 - 74kg","M"
"537","Wrestling","Wrestling Gre-R","66 - 74kg","M"
"539","Taekwondo","Taekwondo","68 - 80 kg","M"
"540","Taekwondo","Taekwondo","68 - 80 kg","M"
"541","Taekwondo","Taekwondo","68 - 80 kg","M"
"543","Boxing","Boxing","69 - 75 kg","M"
"544","Boxing","Boxing","69 - 75 kg","M"
"545","Boxing","Boxing","69 - 75 kg","M"
"547","Weightlifting","Weightlifting","69kg","M"
"548","Weightlifting","Weightlifting","69kg","M"
"550","Weightlifting","Weightlifting","69kg","W"
"551","Weightlifting","Weightlifting","69kg","W"
"553","Judo","Judo","70 - 78kg (half-heavyweight)","W"
"554","Judo","Judo","70 - 78kg (half-heavyweight)","W"
"555","Judo","Judo","70 - 78kg (half-heavyweight)","W"
"557","Judo","Judo","73 - 81kg (half-middleweight)","M"
"558","Judo","Judo","73 - 81kg (half-middleweight)","M"
"559","Judo","Judo","73 - 81kg (half-middleweight)","M"
"561","Wrestling","Wrestling Free.","74 - 84kg","M"
"562","Wrestling","Wrestling Free.","74 - 84kg","M"
"563","Wrestling","Wrestling Free.","74 - 84kg","M"
"565","Wrestling","Wrestling Gre-R","74 - 84kg","M"
"566","Wrestling","Wrestling Gre-R","74 - 84kg","M"
"568","Boxing","Boxing","75 - 81kg (light-heavyweight)","M"
"569","Boxing","Boxing","75 - 81kg (light-heavyweight)","M"
"570","Boxing","Boxing","75 - 81kg (light-heavyweight)","M"
"572","Weightlifting","Weightlifting","75kg","W"
"573","Weightlifting","Weightlifting","75kg","W"
"575","Weightlifting","Weightlifting","77kg","M"
"576","Weightlifting","Weightlifting","77kg","M"
"578","Athletics","Athletics","800m","M"
"579","Athletics","Athletics","800m","M"
"581","Athletics","Athletics","800m","W"
"582","Athletics","Athletics","800m","W"
"584","Aquatics","Swimming","800m freestyle","W"
"585","Aquatics","Swimming","800m freestyle","W"
"587","Judo","Judo","81 - 90kg (middleweight)","M"
"588","Judo","Judo","81 - 90kg (middleweight)","M"
"589","Judo","Judo","81 - 90kg (middleweight)","M"
"591","Boxing","Boxing","81 - 91kg (heavyweight)","M"
"592","Boxing","Boxing","81 - 91kg (heavyweight)","M"
"593","Boxing","Boxing","81 - 91kg (heavyweight)","M"
"595","Wrestling","Wrestling Free.","84 - 96kg","M"
"596","Wrestling","Wrestling Free.","84 - 96kg","M"
"597","Wrestling","Wrestling Free.","84 - 96kg","M"
"599","Wrestling","Wrestling Gre-R","84 - 96kg","M"
"600","Wrestling","Wrestling Gre-R","84 - 96kg","M"
"601","Wrestling","Wrestling Gre-R","84 - 96kg","M"
"603","Weightlifting","Weightlifting","85kg","M"
"604","Weightlifting","Weightlifting","85kg","M"
"606","Judo","Judo","90 - 100kg (half-heavyweight)","M"
"607","Judo","Judo","90 - 100kg (half-heavyweight)","M"
"608","Judo","Judo","90 - 100kg (half-heavyweight)","M"
"610","Weightlifting","Weightlifting","94kg","M"
"611","Weightlifting","Weightlifting","94kg","M"
"613","Wrestling","Wrestling Free.","96 - 120kg","M"
"614","Wrestling","Wrestling Free.","96 - 120kg","M"
"615","Wrestling","Wrestling Free.","96 - 120kg","M"
"617","Wrestling","Wrestling Gre-R","96 - 120kg","M"
"618","Wrestling","Wrestling Gre-R","96 - 120kg","M"
"619","Wrestling","Wrestling Gre-R","96 - 120kg","M"
"621","Gymnastics","Artistic G.","balance beam","W"
"622","Gymnastics","Artistic G.","balance beam","W"
"624","Baseball","Baseball","baseball","M"
"625","Baseball","Baseball","baseball","M"
"626","Baseball","Baseball","baseball","M"
"627","Baseball","Baseball","baseball","M"
"628","Baseball","Baseball","baseball","M"
"629","Baseball","Baseball","baseball","M"
"630","Baseball","Baseball","baseball","M"
"631","Baseball","Baseball","baseball","M"
"632","Baseball","Baseball","baseball","M"
"633","Baseball","Baseball","baseball","M"
"634","Baseball","Baseball","baseball","M"
"635","Baseball","Baseball","baseball","M"
"636","Baseball","Baseball","baseball","M"
"637","Baseball","Baseball","baseball","M"
"638","Baseball","Baseball","baseball","M"
"639","Baseball","Baseball","baseball","M"
"640","Baseball","Baseball","baseball","M"
"641","Baseball","Baseball","baseball","M"
"642","Baseball","Baseball","baseball","M"
"643","Baseball","Baseball","baseball","M"
"644","Baseball","Baseball","baseball","M"
"645","Baseball","Baseball","baseball","M"
"646","Baseball","Baseball","baseball","M"
"647","Baseball","Baseball","baseball","M"
"648","Baseball","Baseball","baseball","M"
"649","Baseball","Baseball","baseball","M"
"650","Baseball","Baseball","baseball","M"
"651","Baseball","Baseball","baseball","M"
"652","Baseball","Baseball","baseball","M"
"653","Baseball","Baseball","baseball","M"
"654","Baseball","Baseball","baseball","M"
"655","Baseball","Baseball","baseball","M"
"656","Baseball","Baseball","baseball","M"
"657","Baseball","Baseball","baseball","M"
"658","Baseball","Baseball","baseball","M"
"659","Baseball","Baseball","baseball","M"
"660","Baseball","Baseball","baseball","M"
"661","Baseball","Baseball","baseball","M"
"662","Baseball","Baseball","baseball","M"
"663","Baseball","Baseball","baseball","M"
"664","Baseball","Baseball","baseball","M"
"665","Baseball","Baseball","baseball","M"
"666","Baseball","Baseball","baseball","M"
"667","Baseball","Baseball","baseball","M"
"668","Baseball","Baseball","baseball","M"
"669","Baseball","Baseball","baseball","M"
"670","Baseball","Baseball","baseball","M"
"671","Baseball","Baseball","baseball","M"
"672","Baseball","Baseball","baseball","M"
"673","Baseball","Baseball","baseball","M"
"674","Baseball","Baseball","baseball","M"
"675","Baseball","Baseball","baseball","M"
"676","Baseball","Baseball","baseball","M"
"677","Baseball","Baseball","baseball","M"
"678","Baseball","Baseball","baseball","M"
"679","Baseball","Baseball","baseball","M"
"680","Baseball","Baseball","baseball","M"
"681","Baseball","Baseball","baseball","M"
"682","Baseball","Baseball","baseball","M"
"683","Baseball","Baseball","baseball","M"
"684","Baseball","Baseball","baseball","M"
"685","Baseball","Baseball","baseball","M"
"686","Baseball","Baseball","baseball","M"
"687","Baseball","Baseball","baseball","M"
"688","Baseball","Baseball","baseball","M"
"689","Baseball","Baseball","baseball","M"
"690","Baseball","Baseball","baseball","M"
"691","Baseball","Baseball","baseball","M"
"692","Baseball","Baseball","baseball","M"
"693","Baseball","Baseball","baseball","M"
"694","Baseball","Baseball","baseball","M"
"696","Basketball","Basketball","basketball","M"
"697","Basketball","Basketball","basketball","M"
"698","Basketball","Basketball","basketball","M"
"699","Basketball","Basketball","basketball","M"
"700","Basketball","Basketball","basketball","M"
"701","Basketball","Basketball","basketball","M"
"702","Basketball","Basketball","basketball","M"
"703","Basketball","Basketball","basketball","M"
"704","Basketball","Basketball","basketball","M"
"705","Basketball","Basketball","basketball","M"
"706","Basketball","Basketball","basketball","M"
"707","Basketball","Basketball","basketball","M"
"708","Basketball","Basketball","basketball","M"
"709","Basketball","Basketball","basketball","M"
"710","Basketball","Basketball","basketball","M"
"711","Basketball","Basketball","basketball","M"
"712","Basketball","Basketball","basketball","M"
"713","Basketball","Basketball","basketball","M"
"714","Basketball","Basketball","basketball","M"
"715","Basketball","Basketball","basketball","M"
"716","Basketball","Basketball","basketball","M"
"717","Basketball","Basketball","basketball","M"
"718","Basketball","Basketball","basketball","M"
"719","Basketball","Basketball","basketball","M"
"720","Basketball","Basketball","basketball","M"
"721","Basketball","Basketball","basketball","M"
"722","Basketball","Basketball","basketball","M"
"723","Basketball","Basketball","basketball","M"
"724","Basketball","Basketball","basketball","M"
"725","Basketball","Basketball","basketball","M"
"726","Basketball","Basketball","basketball","M"
"727","Basketball","Basketball","basketball","M"
"728","Basketball","Basketball","basketball","M"
"729","Basketball","Basketball","basketball","M"
"730","Basketball","Basketball","basketball","M"
"732","Basketball","Basketball","basketball","W"
"733","Basketball","Basketball","basketball","W"
"734","Basketball","Basketball","basketball","W"
"735","Basketball","Basketball","basketball","W"
"736","Basketball","Basketball","basketball","W"
"737","Basketball","Basketball","basketball","W"
"738","Basketball","Basketball","basketball","W"
"739","Basketball","Basketball","basketball","W"
"740","Basketball","Basketball","basketball","W"
"741","Basketball","Basketball","basketball","W"
"742","Basketball","Basketball","basketball","W"
"743","Basketball","Basketball","basketball","W"
"744","Basketball","Basketball","basketball","W"
"745","Basketball","Basketball","basketball","W"
"746","Basketball","Basketball","basketball","W"
"747","Basketball","Basketball","basketball","W"
"748","Basketball","Basketball","basketball","W"
"749","Basketball","Basketball","basketball","W"
"750","Basketball","Basketball","basketball","W"
"751","Basketball","Basketball","basketball","W"
"752","Basketball","Basketball","basketball","W"
"753","Basketball","Basketball","basketball","W"
"754","Basketball","Basketball","basketball","W"
"755","Basketball","Basketball","basketball","W"
"756","Basketball","Basketball","basketball","W"
"757","Basketball","Basketball","basketball","W"
"758","Basketball","Basketball","basketball","W"
"759","Basketball","Basketball","basketball","W"
"760","Basketball","Basketball","basketball","W"
"761","Basketball","Basketball","basketball","W"
"762","Basketball","Basketball","basketball","W"
"763","Basketball","Basketball","basketball","W"
"764","Basketball","Basketball","basketball","W"
"765","Basketball","Basketball","basketball","W"
"766","Basketball","Basketball","basketball","W"
"768","Volleyball","Beach volley.","beach volleyball","M"
"769","Volleyball","Beach volley.","beach volleyball","M"
"770","Volleyball","Beach volley.","beach volleyball","M"
"771","Volleyball","Beach volley.","beach volleyball","M"
"772","Volleyball","Beach volley.","beach volleyball","M"
"774","Volleyball","Beach volley.","beach volleyball","W"
"775","Volleyball","Beach volley.","beach volleyball","W"
"776","Volleyball","Beach volley.","beach volleyball","W"
"777","Volleyball","Beach volley.","beach volleyball","W"
"778","Volleyball","Beach volley.","beach volleyball","W"
"780","Canoe / Kayak","Canoe / Kayak S","C-1 (canoe single)","M"
"781","Canoe / Kayak","Canoe / Kayak S","C-1 (canoe single)","M"
"783","Canoe / Kayak","Canoe / Kayak F","C-1 1000m (canoe single)","M"
"784","Canoe / Kayak","Canoe / Kayak F","C-1 1000m (canoe single)","M"
"786","Canoe / Kayak","Canoe / Kayak F","C-1 500m (canoe single)","M"
"787","Canoe / Kayak","Canoe / Kayak F","C-1 500m (canoe single)","M"
"789","Canoe / Kayak","Canoe / Kayak S","C-2 (canoe double)","M"
"790","Canoe / Kayak","Canoe / Kayak S","C-2 (canoe double)","M"
"791","Canoe / Kayak","Canoe / Kayak S","C-2 (canoe double)","M"
"792","Canoe / Kayak","Canoe / Kayak S","C-2 (canoe double)","M"
"793","Canoe / Kayak","Canoe / Kayak S","C-2 (canoe double)","M"
"795","Canoe / Kayak","Canoe / Kayak F","C-2 1000m (canoe double)","M"
"796","Canoe / Kayak","Canoe / Kayak F","C-2 1000m (canoe double)","M"
"797","Canoe / Kayak","Canoe / Kayak F","C-2 1000m (canoe double)","M"
"798","Canoe / Kayak","Canoe / Kayak F","C-2 1000m (canoe double)","M"
"799","Canoe / Kayak","Canoe / Kayak F","C-2 1000m (canoe double)","M"
"801","Canoe / Kayak","Canoe / Kayak F","C-2 500m (canoe double)","M"
"802","Canoe / Kayak","Canoe / Kayak F","C-2 500m (canoe double)","M"
"803","Canoe / Kayak","Canoe / Kayak F","C-2 500m (canoe double)","M"
"804","Canoe / Kayak","Canoe / Kayak F","C-2 500m (canoe double)","M"
"805","Canoe / Kayak","Canoe / Kayak F","C-2 500m (canoe double)","M"
"807","Rowing","Rowing","coxless pair (2-)","M"
"808","Rowing","Rowing","coxless pair (2-)","M"
"809","Rowing","Rowing","coxless pair (2-)","M"
"810","Rowing","Rowing","coxless pair (2-)","M"
"811","Rowing","Rowing","coxless pair (2-)","M"
"813","Cycling","Mountain Bike","cross-country","M"
"814","Cycling","Mountain Bike","cross-country","M"
"816","Cycling","Mountain Bike","cross-country","W"
"817","Cycling","Mountain Bike","cross-country","W"
"819","Athletics","Athletics","decathlon","M"
"820","Athletics","Athletics","decathlon","M"
"822","Athletics","Athletics","discus throw","M"
"823","Athletics","Athletics","discus throw","M"
"825","Athletics","Athletics","discus throw","W"
"826","Athletics","Athletics","discus throw","W"
"828","Rowing","Rowing","double sculls (2x)","M"
"829","Rowing","Rowing","double sculls (2x)","M"
"830","Rowing","Rowing","double sculls (2x)","M"
"831","Rowing","Rowing","double sculls (2x)","M"
"832","Rowing","Rowing","double sculls (2x)","M"
"834","Rowing","Rowing","double sculls (2x)","W"
"835","Rowing","Rowing","double sculls (2x)","W"
"836","Rowing","Rowing","double sculls (2x)","W"
"837","Rowing","Rowing","double sculls (2x)","W"
"838","Rowing","Rowing","double sculls (2x)","W"
"840","Shooting","Shooting","double trap (150 targets)","M"
"841","Shooting","Shooting","double trap (150 targets)","M"
"843","Badminton","Badminton","doubles","M"
"845","Badminton","Badminton","doubles","M"
"846","Badminton","Badminton","doubles","M"
"847","Badminton","Badminton","doubles","X"
"848","Badminton","Badminton","doubles","M"
"849","Badminton","Badminton","doubles","M"
"850","Badminton","Badminton","doubles","X"
"852","Badminton","Badminton","doubles","W"
"853","Badminton","Badminton","doubles","X"
"854","Badminton","Badminton","doubles","W"
"855","Badminton","Badminton","doubles","W"
"856","Badminton","Badminton","doubles","X"
"857","Badminton","Badminton","doubles","W"
"858","Badminton","Badminton","doubles","W"
"859","Badminton","Badminton","doubles","X"
"861","Tennis","Tennis","doubles","M"
"862","Tennis","Tennis","doubles","M"
"863","Tennis","Tennis","doubles","M"
"864","Tennis","Tennis","doubles","M"
"865","Tennis","Tennis","doubles","M"
"867","Tennis","Tennis","doubles","W"
"868","Tennis","Tennis","doubles","W"
"869","Tennis","Tennis","doubles","W"
"870","Tennis","Tennis","doubles","W"
"871","Tennis","Tennis","doubles","W"
"873","Aquatics","Synchronized S.","duet","W"
"874","Aquatics","Synchronized S.","duet","W"
"875","Aquatics","Synchronized S.","duet","W"
"876","Aquatics","Synchronized S.","duet","W"
"877","Aquatics","Synchronized S.","duet","W"
"879","Rowing","Rowing","eight with coxswain (8+)","M"
"880","Rowing","Rowing","eight with coxswain (8+)","M"
"881","Rowing","Rowing","eight with coxswain (8+)","M"
"882","Rowing","Rowing","eight with coxswain (8+)","M"
"883","Rowing","Rowing","eight with coxswain (8+)","M"
"884","Rowing","Rowing","eight with coxswain (8+)","M"
"885","Rowing","Rowing","eight with coxswain (8+)","M"
"886","Rowing","Rowing","eight with coxswain (8+)","M"
"887","Rowing","Rowing","eight with coxswain (8+)","M"
"888","Rowing","Rowing","eight with coxswain (8+)","M"
"889","Rowing","Rowing","eight with coxswain (8+)","M"
"890","Rowing","Rowing","eight with coxswain (8+)","M"
"891","Rowing","Rowing","eight with coxswain (8+)","M"
"892","Rowing","Rowing","eight with coxswain (8+)","M"
"893","Rowing","Rowing","eight with coxswain (8+)","M"
"894","Rowing","Rowing","eight with coxswain (8+)","M"
"895","Rowing","Rowing","eight with coxswain (8+)","M"
"896","Rowing","Rowing","eight with coxswain (8+)","M"
"897","Rowing","Rowing","eight with coxswain (8+)","M"
"898","Rowing","Rowing","eight with coxswain (8+)","M"
"899","Rowing","Rowing","eight with coxswain (8+)","M"
"900","Rowing","Rowing","eight with coxswain (8+)","M"
"901","Rowing","Rowing","eight with coxswain (8+)","M"
"902","Rowing","Rowing","eight with coxswain (8+)","M"
"903","Rowing","Rowing","eight with coxswain (8+)","M"
"904","Rowing","Rowing","eight with coxswain (8+)","M"
"906","Rowing","Rowing","eight with coxswain (8+)","W"
"907","Rowing","Rowing","eight with coxswain (8+)","W"
"908","Rowing","Rowing","eight with coxswain (8+)","W"
"909","Rowing","Rowing","eight with coxswain (8+)","W"
"910","Rowing","Rowing","eight with coxswain (8+)","W"
"911","Rowing","Rowing","eight with coxswain (8+)","W"
"912","Rowing","Rowing","eight with coxswain (8+)","W"
"913","Rowing","Rowing","eight with coxswain (8+)","W"
"914","Rowing","Rowing","eight with coxswain (8+)","W"
"915","Rowing","Rowing","eight with coxswain (8+)","W"
"916","Rowing","Rowing","eight with coxswain (8+)","W"
"917","Rowing","Rowing","eight with coxswain (8+)","W"
"918","Rowing","Rowing","eight with coxswain (8+)","W"
"919","Rowing","Rowing","eight with coxswain (8+)","W"
"920","Rowing","Rowing","eight with coxswain (8+)","W"
"921","Rowing","Rowing","eight with coxswain (8+)","W"
"922","Rowing","Rowing","eight with coxswain (8+)","W"
"923","Rowing","Rowing","eight with coxswain (8+)","W"
"924","Rowing","Rowing","eight with coxswain (8+)","W"
"925","Rowing","Rowing","eight with coxswain (8+)","W"
"926","Rowing","Rowing","eight with coxswain (8+)","W"
"927","Rowing","Rowing","eight with coxswain (8+)","W"
"928","Rowing","Rowing","eight with coxswain (8+)","W"
"929","Rowing","Rowing","eight with coxswain (8+)","W"
"930","Rowing","Rowing","eight with coxswain (8+)","W"
"931","Rowing","Rowing","eight with coxswain (8+)","W"
"933","Fencing","Fencing","épée individual","M"
"934","Fencing","Fencing","épée individual","M"
"936","Fencing","Fencing","épée individual","W"
"937","Fencing","Fencing","épée individual","W"
"939","Fencing","Fencing","épée team","M"
"940","Fencing","Fencing","épée team","M"
"941","Fencing","Fencing","épée team","M"
"942","Fencing","Fencing","épée team","M"
"943","Fencing","Fencing","épée team","M"
"944","Fencing","Fencing","épée team","M"
"945","Fencing","Fencing","épée team","M"
"946","Fencing","Fencing","épée team","M"
"947","Fencing","Fencing","épée team","M"
"948","Fencing","Fencing","épée team","M"
"950","Sailing","Sailing","Finn - Heavyweight Dinghy","X"
"951","Sailing","Sailing","Finn - Heavyweight Dinghy","X"
"953","Gymnastics","Artistic G.","floor exercises","M"
"954","Gymnastics","Artistic G.","floor exercises","M"
"956","Gymnastics","Artistic G.","floor exercises","W"
"957","Gymnastics","Artistic G.","floor exercises","W"
"959","Fencing","Fencing","foil individual","M"
"960","Fencing","Fencing","foil individual","M"
"962","Fencing","Fencing","foil individual","W"
"963","Fencing","Fencing","foil individual","W"
"965","Fencing","Fencing","foil team","W"
"966","Fencing","Fencing","foil team","W"
"967","Fencing","Fencing","foil team","W"
"968","Fencing","Fencing","foil team","W"
"969","Fencing","Fencing","foil team","W"
"970","Fencing","Fencing","foil team","W"
"971","Fencing","Fencing","foil team","W"
"972","Fencing","Fencing","foil team","W"
"973","Fencing","Fencing","foil team","W"
"974","Fencing","Fencing","foil team","W"
"976","Football","Football","football","M"
"977","Football","Football","football","M"
"978","Football","Football","football","M"
"979","Football","Football","football","M"
"980","Football","Football","football","M"
"981","Football","Football","football","M"
"982","Football","Football","football","M"
"983","Football","Football","football","M"
"984","Football","Football","football","M"
"985","Football","Football","football","M"
"986","Football","Football","football","M"
"987","Football","Football","football","M"
"988","Football","Football","football","M"
"989","Football","Football","football","M"
"990","Football","Football","football","M"
"991","Football","Football","football","M"
"992","Football","Football","football","M"
"993","Football","Football","football","M"
"994","Football","Football","football","M"
"995","Football","Football","football","M"
"996","Football","Football","football","M"
"997","Football","Football","football","M"
"998","Football","Football","football","M"
"999","Football","Football","football","M"
"1000","Football","Football","football","M"
"1001","Football","Football","football","M"
"1002","Football","Football","football","M"
"1003","Football","Football","football","M"
"1004","Football","Football","football","M"
"1005","Football","Football","football","M"
"1006","Football","Football","football","M"
"1007","Football","Football","football","M"
"1008","Football","Football","football","M"
"1009","Football","Football","football","M"
"1010","Football","Football","football","M"
"1011","Football","Football","football","M"
"1012","Football","Football","football","M"
"1013","Football","Football","football","M"
"1014","Football","Football","football","M"
"1015","Football","Football","football","M"
"1016","Football","Football","football","M"
"1017","Football","Football","football","M"
"1018","Football","Football","football","M"
"1019","Football","Football","football","M"
"1020","Football","Football","football","M"
"1021","Football","Football","football","M"
"1022","Football","Football","football","M"
"1023","Football","Football","football","M"
"1024","Football","Football","football","M"
"1025","Football","Football","football","M"
"1026","Football","Football","football","M"
"1027","Football","Football","football","M"
"1028","Football","Football","football","M"
"1030","Football","Football","football","W"
"1031","Football","Football","football","W"
"1032","Football","Football","football","W"
"1033","Football","Football","football","W"
"1034","Football","Football","football","W"
"1035","Football","Football","football","W"
"1036","Football","Football","football","W"
"1037","Football","Football","football","W"
"1038","Football","Football","football","W"
"1039","Football","Football","football","W"
"1040","Football","Football","football","W"
"1041","Football","Football","football","W"
"1042","Football","Football","football","W"
"1043","Football","Football","football","W"
"1044","Football","Football","football","W"
"1045","Football","Football","football","W"
"1046","Football","Football","football","W"
"1047","Football","Football","football","W"
"1048","Football","Football","football","W"
"1049","Football","Football","football","W"
"1050","Football","Football","football","W"
"1051","Football","Football","football","W"
"1052","Football","Football","football","W"
"1053","Football","Football","football","W"
"1054","Football","Football","football","W"
"1055","Football","Football","football","W"
"1056","Football","Football","football","W"
"1057","Football","Football","football","W"
"1058","Football","Football","football","W"
"1059","Football","Football","football","W"
"1060","Football","Football","football","W"
"1061","Football","Football","football","W"
"1062","Football","Football","football","W"
"1063","Football","Football","football","W"
"1064","Football","Football","football","W"
"1065","Football","Football","football","W"
"1066","Football","Football","football","W"
"1067","Football","Football","football","W"
"1068","Football","Football","football","W"
"1069","Football","Football","football","W"
"1070","Football","Football","football","W"
"1071","Football","Football","football","W"
"1072","Football","Football","football","W"
"1073","Football","Football","football","W"
"1074","Football","Football","football","W"
"1075","Football","Football","football","W"
"1076","Football","Football","football","W"
"1077","Football","Football","football","W"
"1078","Football","Football","football","W"
"1079","Football","Football","football","W"
"1080","Football","Football","football","W"
"1081","Football","Football","football","W"
"1082","Football","Football","football","W"
"1084","Rowing","Rowing","four without coxswain (4-)","M"
"1085","Rowing","Rowing","four without coxswain (4-)","M"
"1086","Rowing","Rowing","four without coxswain (4-)","M"
"1087","Rowing","Rowing","four without coxswain (4-)","M"
"1088","Rowing","Rowing","four without coxswain (4-)","M"
"1089","Rowing","Rowing","four without coxswain (4-)","M"
"1090","Rowing","Rowing","four without coxswain (4-)","M"
"1091","Rowing","Rowing","four without coxswain (4-)","M"
"1092","Rowing","Rowing","four without coxswain (4-)","M"
"1093","Rowing","Rowing","four without coxswain (4-)","M"
"1094","Rowing","Rowing","four without coxswain (4-)","M"
"1096","Gymnastics","Rhythmic G.","group competition","W"
"1097","Gymnastics","Rhythmic G.","group competition","W"
"1098","Gymnastics","Rhythmic G.","group competition","W"
"1099","Gymnastics","Rhythmic G.","group competition","W"
"1100","Gymnastics","Rhythmic G.","group competition","W"
"1101","Gymnastics","Rhythmic G.","group competition","W"
"1102","Gymnastics","Rhythmic G.","group competition","W"
"1103","Gymnastics","Rhythmic G.","group competition","W"
"1104","Gymnastics","Rhythmic G.","group competition","W"
"1105","Gymnastics","Rhythmic G.","group competition","W"
"1106","Gymnastics","Rhythmic G.","group competition","W"
"1107","Gymnastics","Rhythmic G.","group competition","W"
"1108","Gymnastics","Rhythmic G.","group competition","W"
"1109","Gymnastics","Rhythmic G.","group competition","W"
"1110","Gymnastics","Rhythmic G.","group competition","W"
"1111","Gymnastics","Rhythmic G.","group competition","W"
"1112","Gymnastics","Rhythmic G.","group competition","W"
"1114","Athletics","Athletics","hammer throw","M"
"1115","Athletics","Athletics","hammer throw","M"
"1117","Athletics","Athletics","hammer throw","W"
"1118","Athletics","Athletics","hammer throw","W"
"1120","Handball","Handball","handball","M"
"1121","Handball","Handball","handball","M"
"1122","Handball","Handball","handball","M"
"1123","Handball","Handball","handball","M"
"1124","Handball","Handball","handball","M"
"1125","Handball","Handball","handball","M"
"1126","Handball","Handball","handball","M"
"1127","Handball","Handball","handball","M"
"1128","Handball","Handball","handball","M"
"1129","Handball","Handball","handball","M"
"1130","Handball","Handball","handball","M"
"1131","Handball","Handball","handball","M"
"1132","Handball","Handball","handball","M"
"1133","Handball","Handball","handball","M"
"1134","Handball","Handball","handball","M"
"1135","Handball","Handball","handball","M"
"1136","Handball","Handball","handball","M"
"1137","Handball","Handball","handball","M"
"1138","Handball","Handball","handball","M"
"1139","Handball","Handball","handball","M"
"1140","Handball","Handball","handball","M"
"1141","Handball","Handball","handball","M"
"1142","Handball","Handball","handball","M"
"1143","Handball","Handball","handball","M"
"1144","Handball","Handball","handball","M"
"1145","Handball","Handball","handball","M"
"1146","Handball","Handball","handball","M"
"1147","Handball","Handball","handball","M"
"1148","Handball","Handball","handball","M"
"1149","Handball","Handball","handball","M"
"1150","Handball","Handball","handball","M"
"1151","Handball","Handball","handball","M"
"1152","Handball","Handball","handball","M"
"1153","Handball","Handball","handball","M"
"1154","Handball","Handball","handball","M"
"1155","Handball","Handball","handball","M"
"1156","Handball","Handball","handball","M"
"1157","Handball","Handball","handball","M"
"1158","Handball","Handball","handball","M"
"1159","Handball","Handball","handball","M"
"1160","Handball","Handball","handball","M"
"1161","Handball","Handball","handball","M"
"1163","Handball","Handball","handball","W"
"1164","Handball","Handball","handball","W"
"1165","Handball","Handball","handball","W"
"1166","Handball","Handball","handball","W"
"1167","Handball","Handball","handball","W"
"1168","Handball","Handball","handball","W"
"1169","Handball","Handball","handball","W"
"1170","Handball","Handball","handball","W"
"1171","Handball","Handball","handball","W"
"1172","Handball","Handball","handball","W"
"1173","Handball","Handball","handball","W"
"1174","Handball","Handball","handball","W"
"1175","Handball","Handball","handball","W"
"1176","Handball","Handball","handball","W"
"1177","Handball","Handball","handball","W"
"1178","Handball","Handball","handball","W"
"1179","Handball","Handball","handball","W"
"1180","Handball","Handball","handball","W"
"1181","Handball","Handball","handball","W"
"1182","Handball","Handball","handball","W"
"1183","Handball","Handball","handball","W"
"1184","Handball","Handball","handball","W"
"1185","Handball","Handball","handball","W"
"1186","Handball","Handball","handball","W"
"1187","Handball","Handball","handball","W"
"1188","Handball","Handball","handball","W"
"1189","Handball","Handball","handball","W"
"1190","Handball","Handball","handball","W"
"1191","Handball","Handball","handball","W"
"1192","Handball","Handball","handball","W"
"1193","Handball","Handball","handball","W"
"1194","Handball","Handball","handball","W"
"1195","Handball","Handball","handball","W"
"1196","Handball","Handball","handball","W"
"1197","Handball","Handball","handball","W"
"1198","Handball","Handball","handball","W"
"1199","Handball","Handball","handball","W"
"1200","Handball","Handball","handball","W"
"1201","Handball","Handball","handball","W"
"1202","Handball","Handball","handball","W"
"1203","Handball","Handball","handball","W"
"1205","Athletics","Athletics","heptathlon","W"
"1206","Athletics","Athletics","heptathlon","W"
"1208","Athletics","Athletics","high jump","M"
"1209","Athletics","Athletics","high jump","M"
"1211","Athletics","Athletics","high jump","W"
"1212","Athletics","Athletics","high jump","W"
"1214","Hockey","Hockey","hockey","M"
"1215","Hockey","Hockey","hockey","M"
"1216","Hockey","Hockey","hockey","M"
"1217","Hockey","Hockey","hockey","M"
"1218","Hockey","Hockey","hockey","M"
"1219","Hockey","Hockey","hockey","M"
"1220","Hockey","Hockey","hockey","M"
"1221","Hockey","Hockey","hockey","M"
"1222","Hockey","Hockey","hockey","M"
"1223","Hockey","Hockey","hockey","M"
"1224","Hockey","Hockey","hockey","M"
"1225","Hockey","Hockey","hockey","M"
"1226","Hockey","Hockey","hockey","M"
"1227","Hockey","Hockey","hockey","M"
"1228","Hockey","Hockey","hockey","M"
"1229","Hockey","Hockey","hockey","M"
"1230","Hockey","Hockey","hockey","M"
"1231","Hockey","Hockey","hockey","M"
"1232","Hockey","Hockey","hockey","M"
"1233","Hockey","Hockey","hockey","M"
"1234","Hockey","Hockey","hockey","M"
"1235","Hockey","Hockey","hockey","M"
"1236","Hockey","Hockey","hockey","M"
"1237","Hockey","Hockey","hockey","M"
"1238","Hockey","Hockey","hockey","M"
"1239","Hockey","Hockey","hockey","M"
"1240","Hockey","Hockey","hockey","M"
"1241","Hockey","Hockey","hockey","M"
"1242","Hockey","Hockey","hockey","M"
"1243","Hockey","Hockey","hockey","M"
"1244","Hockey","Hockey","hockey","M"
"1245","Hockey","Hockey","hockey","M"
"1246","Hockey","Hockey","hockey","M"
"1247","Hockey","Hockey","hockey","M"
"1248","Hockey","Hockey","hockey","M"
"1249","Hockey","Hockey","hockey","M"
"1250","Hockey","Hockey","hockey","M"
"1251","Hockey","Hockey","hockey","M"
"1252","Hockey","Hockey","hockey","M"
"1253","Hockey","Hockey","hockey","M"
"1254","Hockey","Hockey","hockey","M"
"1255","Hockey","Hockey","hockey","M"
"1256","Hockey","Hockey","hockey","M"
"1257","Hockey","Hockey","hockey","M"
"1258","Hockey","Hockey","hockey","M"
"1259","Hockey","Hockey","hockey","M"
"1260","Hockey","Hockey","hockey","M"
"1261","Hockey","Hockey","hockey","M"
"1262","Hockey","Hockey","hockey","M"
"1264","Hockey","Hockey","hockey","W"
"1265","Hockey","Hockey","hockey","W"
"1266","Hockey","Hockey","hockey","W"
"1267","Hockey","Hockey","hockey","W"
"1268","Hockey","Hockey","hockey","W"
"1269","Hockey","Hockey","hockey","W"
"1270","Hockey","Hockey","hockey","W"
"1271","Hockey","Hockey","hockey","W"
"1272","Hockey","Hockey","hockey","W"
"1273","Hockey","Hockey","hockey","W"
"1274","Hockey","Hockey","hockey","W"
"1275","Hockey","Hockey","hockey","W"
"1276","Hockey","Hockey","hockey","W"
"1277","Hockey","Hockey","hockey","W"
"1278","Hockey","Hockey","hockey","W"
"1279","Hockey","Hockey","hockey","W"
"1280","Hockey","Hockey","hockey","W"
"1281","Hockey","Hockey","hockey","W"
"1282","Hockey","Hockey","hockey","W"
"1283","Hockey","Hockey","hockey","W"
"1284","Hockey","Hockey","hockey","W"
"1285","Hockey","Hockey","hockey","W"
"1286","Hockey","Hockey","hockey","W"
"1287","Hockey","Hockey","hockey","W"
"1288","Hockey","Hockey","hockey","W"
"1289","Hockey","Hockey","hockey","W"
"1290","Hockey","Hockey","hockey","W"
"1291","Hockey","Hockey","hockey","W"
"1292","Hockey","Hockey","hockey","W"
"1293","Hockey","Hockey","hockey","W"
"1294","Hockey","Hockey","hockey","W"
"1295","Hockey","Hockey","hockey","W"
"1296","Hockey","Hockey","hockey","W"
"1297","Hockey","Hockey","hockey","W"
"1298","Hockey","Hockey","hockey","W"
"1299","Hockey","Hockey","hockey","W"
"1300","Hockey","Hockey","hockey","W"
"1301","Hockey","Hockey","hockey","W"
"1302","Hockey","Hockey","hockey","W"
"1303","Hockey","Hockey","hockey","W"
"1304","Hockey","Hockey","hockey","W"
"1305","Hockey","Hockey","hockey","W"
"1306","Hockey","Hockey","hockey","W"
"1307","Hockey","Hockey","hockey","W"
"1308","Hockey","Hockey","hockey","W"
"1309","Hockey","Hockey","hockey","W"
"1310","Hockey","Hockey","hockey","W"
"1312","Gymnastics","Artistic G.","horizontal bar","M"
"1313","Gymnastics","Artistic G.","horizontal bar","M"
"1315","Cycling","BMX","Individual","M"
"1316","Cycling","BMX","Individual","M"
"1318","Cycling","BMX","individual","W"
"1319","Cycling","BMX","individual","W"
"1321","Equestrian","Dressage","individual","X"
"1322","Equestrian","Dressage","individual","X"
"1324","Equestrian","Eventing","individual","X"
"1325","Equestrian","Eventing","individual","X"
"1327","Equestrian","Jumping","individual","X"
"1328","Equestrian","Jumping","individual","X"
"1330","Gymnastics","Trampoline","individual","M"
"1331","Gymnastics","Trampoline","individual","M"
"1333","Gymnastics","Trampoline","individual","W"
"1334","Gymnastics","Trampoline","individual","W"
"1336","Triathlon","Triathlon","Individual","M"
"1337","Triathlon","Triathlon","Individual","M"
"1339","Triathlon","Triathlon","Individual","W"
"1340","Triathlon","Triathlon","Individual","W"
"1342","Archery","Archery","individual (FITA Olympic round - 70m)","M"
"1343","Archery","Archery","individual (FITA Olympic round - 70m)","M"
"1345","Archery","Archery","individual (FITA Olympic round - 70m)","W"
"1346","Archery","Archery","individual (FITA Olympic round - 70m)","W"
"1348","Gymnastics","Artistic G.","individual all-round","M"
"1349","Gymnastics","Artistic G.","individual all-round","M"
"1351","Gymnastics","Artistic G.","individual all-round","W"
"1352","Gymnastics","Artistic G.","individual all-round","W"
"1354","Gymnastics","Rhythmic G.","individual all-round","W"
"1355","Gymnastics","Rhythmic G.","individual all-round","W"
"1357","Modern Pentathlon","Modern Pentath.","Individual competition","M"
"1358","Modern Pentathlon","Modern Pentath.","Individual competition","M"
"1360","Modern Pentathlon","Modern Pentath.","Individual competition","W"
"1361","Modern Pentathlon","Modern Pentath.","Individual competition","W"
"1363","Cycling","Cycling Track","Individual Pursuit","M"
"1364","Cycling","Cycling Track","Individual Pursuit","M"
"1366","Cycling","Cycling Track","individual pursuit","W"
"1367","Cycling","Cycling Track","individual pursuit","W"
"1369","Cycling","Cycling Road","individual road race","M"
"1371","Cycling","Cycling Road","individual road race","W"
"1372","Cycling","Cycling Road","individual road race","W"
"1374","Cycling","Cycling Road","individual time trial","M"
"1375","Cycling","Cycling Road","individual time trial","M"
"1377","Cycling","Cycling Road","individual time trial","W"
"1378","Cycling","Cycling Road","individual time trial","W"
"1380","Athletics","Athletics","javelin throw","M"
"1381","Athletics","Athletics","javelin throw","M"
"1383","Athletics","Athletics","javelin throw","W"
"1384","Athletics","Athletics","javelin throw","W"
"1386","Canoe / Kayak","Canoe / Kayak S","K-1 (kayak single)","M"
"1387","Canoe / Kayak","Canoe / Kayak S","K-1 (kayak single)","M"
"1389","Canoe / Kayak","Canoe / Kayak S","K-1 (kayak single)","W"
"1390","Canoe / Kayak","Canoe / Kayak S","K-1 (kayak single)","W"
"1392","Canoe / Kayak","Canoe / Kayak F","K-1 1000m (kayak single)","M"
"1393","Canoe / Kayak","Canoe / Kayak F","K-1 1000m (kayak single)","M"
"1395","Canoe / Kayak","Canoe / Kayak F","K-1 500m (kayak single)","M"
"1396","Canoe / Kayak","Canoe / Kayak F","K-1 500m (kayak single)","M"
"1398","Canoe / Kayak","Canoe / Kayak F","K-1 500m (kayak single)","W"
"1399","Canoe / Kayak","Canoe / Kayak F","K-1 500m (kayak single)","W"
"1401","Canoe / Kayak","Canoe / Kayak F","K-2 1000m (kayak double)","M"
"1402","Canoe / Kayak","Canoe / Kayak F","K-2 1000m (kayak double)","M"
"1403","Canoe / Kayak","Canoe / Kayak F","K-2 1000m (kayak double)","M"
"1404","Canoe / Kayak","Canoe / Kayak F","K-2 1000m (kayak double)","M"
"1405","Canoe / Kayak","Canoe / Kayak F","K-2 1000m (kayak double)","M"
"1407","Canoe / Kayak","Canoe / Kayak F","K-2 500m (kayak double)","M"
"1408","Canoe / Kayak","Canoe / Kayak F","K-2 500m (kayak double)","M"
"1409","Canoe / Kayak","Canoe / Kayak F","K-2 500m (kayak double)","M"
"1410","Canoe / Kayak","Canoe / Kayak F","K-2 500m (kayak double)","M"
"1411","Canoe / Kayak","Canoe / Kayak F","K-2 500m (kayak double)","M"
"1413","Canoe / Kayak","Canoe / Kayak F","K-2 500m (kayak double)","W"
"1414","Canoe / Kayak","Canoe / Kayak F","K-2 500m (kayak double)","W"
"1415","Canoe / Kayak","Canoe / Kayak F","K-2 500m (kayak double)","W"
"1416","Canoe / Kayak","Canoe / Kayak F","K-2 500m (kayak double)","W"
"1417","Canoe / Kayak","Canoe / Kayak F","K-2 500m (kayak double)","W"
"1419","Canoe / Kayak","Canoe / Kayak F","K-4 1000m (kayak four)","M"
"1420","Canoe / Kayak","Canoe / Kayak F","K-4 1000m (kayak four)","M"
"1421","Canoe / Kayak","Canoe / Kayak F","K-4 1000m (kayak four)","M"
"1422","Canoe / Kayak","Canoe / Kayak F","K-4 1000m (kayak four)","M"
"1423","Canoe / Kayak","Canoe / Kayak F","K-4 1000m (kayak four)","M"
"1424","Canoe / Kayak","Canoe / Kayak F","K-4 1000m (kayak four)","M"
"1425","Canoe / Kayak","Canoe / Kayak F","K-4 1000m (kayak four)","M"
"1426","Canoe / Kayak","Canoe / Kayak F","K-4 1000m (kayak four)","M"
"1427","Canoe / Kayak","Canoe / Kayak F","K-4 1000m (kayak four)","M"
"1428","Canoe / Kayak","Canoe / Kayak F","K-4 1000m (kayak four)","M"
"1429","Canoe / Kayak","Canoe / Kayak F","K-4 1000m (kayak four)","M"
"1431","Canoe / Kayak","Canoe / Kayak F","K-4 500m (kayak four)","W"
"1432","Canoe / Kayak","Canoe / Kayak F","K-4 500m (kayak four)","W"
"1433","Canoe / Kayak","Canoe / Kayak F","K-4 500m (kayak four)","W"
"1434","Canoe / Kayak","Canoe / Kayak F","K-4 500m (kayak four)","W"
"1435","Canoe / Kayak","Canoe / Kayak F","K-4 500m (kayak four)","W"
"1436","Canoe / Kayak","Canoe / Kayak F","K-4 500m (kayak four)","W"
"1437","Canoe / Kayak","Canoe / Kayak F","K-4 500m (kayak four)","W"
"1438","Canoe / Kayak","Canoe / Kayak F","K-4 500m (kayak four)","W"
"1439","Canoe / Kayak","Canoe / Kayak F","K-4 500m (kayak four)","W"
"1440","Canoe / Kayak","Canoe / Kayak F","K-4 500m (kayak four)","W"
"1441","Canoe / Kayak","Canoe / Kayak F","K-4 500m (kayak four)","W"
"1443","Cycling","Cycling Track","Keirin","M"
"1444","Cycling","Cycling Track","Keirin","M"
"1446","Sailing","Sailing","Laser - One Person Dinghy","M"
"1447","Sailing","Sailing","Laser - One Person Dinghy","M"
"1449","Sailing","Sailing","Laser Radial - One Person Dinghy","W"
"1450","Sailing","Sailing","Laser Radial - One Person Dinghy","W"
"1452","Rowing","Rowing","lightweight coxless four (4-)","M"
"1453","Rowing","Rowing","lightweight coxless four (4-)","M"
"1454","Rowing","Rowing","lightweight coxless four (4-)","M"
"1455","Rowing","Rowing","lightweight coxless four (4-)","M"
"1456","Rowing","Rowing","lightweight coxless four (4-)","M"
"1457","Rowing","Rowing","lightweight coxless four (4-)","M"
"1458","Rowing","Rowing","lightweight coxless four (4-)","M"
"1459","Rowing","Rowing","lightweight coxless four (4-)","M"
"1460","Rowing","Rowing","lightweight coxless four (4-)","M"
"1461","Rowing","Rowing","lightweight coxless four (4-)","M"
"1462","Rowing","Rowing","lightweight coxless four (4-)","M"
"1464","Rowing","Rowing","lightweight double sculls (2x)","M"
"1465","Rowing","Rowing","lightweight double sculls (2x)","M"
"1466","Rowing","Rowing","lightweight double sculls (2x)","M"
"1467","Rowing","Rowing","lightweight double sculls (2x)","M"
"1468","Rowing","Rowing","lightweight double sculls (2x)","M"
"1470","Rowing","Rowing","lightweight double sculls (2x)","W"
"1471","Rowing","Rowing","lightweight double sculls (2x)","W"
"1472","Rowing","Rowing","lightweight double sculls (2x)","W"
"1473","Rowing","Rowing","lightweight double sculls (2x)","W"
"1474","Rowing","Rowing","lightweight double sculls (2x)","W"
"1476","Athletics","Athletics","long jump","M"
"1477","Athletics","Athletics","long jump","M"
"1479","Athletics","Athletics","long jump","W"
"1480","Athletics","Athletics","long jump","W"
"1482","Cycling","Cycling Track","Madison","M"
"1483","Cycling","Cycling Track","Madison","M"
"1484","Cycling","Cycling Track","Madison","M"
"1485","Cycling","Cycling Track","Madison","M"
"1486","Cycling","Cycling Track","Madison","M"
"1488","Athletics","Athletics","marathon","M"
"1489","Athletics","Athletics","marathon","M"
"1491","Athletics","Athletics","marathon","W"
"1492","Athletics","Athletics","marathon","W"
"1494","Aquatics","Swimming","marathon 10km","M"
"1495","Aquatics","Swimming","marathon 10km","M"
"1497","Aquatics","Swimming","marathon 10km","W"
"1498","Aquatics","Swimming","marathon 10km","W"
"1500","Rowing","Rowing","pair without coxswain (2-)","W"
"1501","Rowing","Rowing","pair without coxswain (2-)","W"
"1502","Rowing","Rowing","pair without coxswain (2-)","W"
"1503","Rowing","Rowing","pair without coxswain (2-)","W"
"1504","Rowing","Rowing","pair without coxswain (2-)","W"
"1506","Gymnastics","Artistic G.","parallel bars","M"
"1507","Gymnastics","Artistic G.","parallel bars","M"
"1509","Cycling","Cycling Track","Points Race","M"
"1510","Cycling","Cycling Track","Points Race","M"
"1512","Cycling","Cycling Track","points race","W"
"1513","Cycling","Cycling Track","points race","W"
"1515","Athletics","Athletics","pole vault","M"
"1516","Athletics","Athletics","pole vault","M"
"1518","Athletics","Athletics","pole vault","W"
"1519","Athletics","Athletics","pole vault","W"
"1521","Gymnastics","Artistic G.","pommel horse","M"
"1522","Gymnastics","Artistic G.","pommel horse","M"
"1524","Rowing","Rowing","quadruple sculls without coxswain (4x)","M"
"1525","Rowing","Rowing","quadruple sculls without coxswain (4x)","M"
"1526","Rowing","Rowing","quadruple sculls without coxswain (4x)","M"
"1527","Rowing","Rowing","quadruple sculls without coxswain (4x)","M"
"1528","Rowing","Rowing","quadruple sculls without coxswain (4x)","M"
"1529","Rowing","Rowing","quadruple sculls without coxswain (4x)","M"
"1530","Rowing","Rowing","quadruple sculls without coxswain (4x)","M"
"1531","Rowing","Rowing","quadruple sculls without coxswain (4x)","M"
"1532","Rowing","Rowing","quadruple sculls without coxswain (4x)","M"
"1533","Rowing","Rowing","quadruple sculls without coxswain (4x)","M"
"1534","Rowing","Rowing","quadruple sculls without coxswain (4x)","M"
"1536","Rowing","Rowing","quadruple sculls without coxswain (4x)","W"
"1537","Rowing","Rowing","quadruple sculls without coxswain (4x)","W"
"1538","Rowing","Rowing","quadruple sculls without coxswain (4x)","W"
"1539","Rowing","Rowing","quadruple sculls without coxswain (4x)","W"
"1540","Rowing","Rowing","quadruple sculls without coxswain (4x)","W"
"1541","Rowing","Rowing","quadruple sculls without coxswain (4x)","W"
"1542","Rowing","Rowing","quadruple sculls without coxswain (4x)","W"
"1543","Rowing","Rowing","quadruple sculls without coxswain (4x)","W"
"1544","Rowing","Rowing","quadruple sculls without coxswain (4x)","W"
"1545","Rowing","Rowing","quadruple sculls without coxswain (4x)","W"
"1546","Rowing","Rowing","quadruple sculls without coxswain (4x)","W"
"1548","Gymnastics","Artistic G.","rings","M"
"1549","Gymnastics","Artistic G.","rings","M"
"1551","Sailing","Sailing","RS:X - Windsurfer","M"
"1552","Sailing","Sailing","RS:X - Windsurfer","M"
"1554","Sailing","Sailing","RS:X - Windsurfer","W"
"1555","Sailing","Sailing","RS:X - Windsurfer","W"
"1557","Fencing","Fencing","sabre individual","M"
"1558","Fencing","Fencing","sabre individual","M"
"1560","Fencing","Fencing","sabre individual","W"
"1561","Fencing","Fencing","sabre individual","W"
"1563","Fencing","Fencing","sabre team","M"
"1564","Fencing","Fencing","sabre team","M"
"1565","Fencing","Fencing","sabre team","M"
"1566","Fencing","Fencing","sabre team","M"
"1567","Fencing","Fencing","sabre team","M"
"1568","Fencing","Fencing","sabre team","M"
"1569","Fencing","Fencing","sabre team","M"
"1570","Fencing","Fencing","sabre team","M"
"1571","Fencing","Fencing","sabre team","M"
"1572","Fencing","Fencing","sabre team","M"
"1574","Fencing","Fencing","sabre team","W"
"1575","Fencing","Fencing","sabre team","W"
"1576","Fencing","Fencing","sabre team","W"
"1577","Fencing","Fencing","sabre team","W"
"1578","Fencing","Fencing","sabre team","W"
"1579","Fencing","Fencing","sabre team","W"
"1580","Fencing","Fencing","sabre team","W"
"1581","Fencing","Fencing","sabre team","W"
"1582","Fencing","Fencing","sabre team","W"
"1583","Fencing","Fencing","sabre team","W"
"1585","Athletics","Athletics","shot put","M"
"1586","Athletics","Athletics","shot put","M"
"1588","Athletics","Athletics","shot put","W"
"1589","Athletics","Athletics","shot put","W"
"1591","Rowing","Rowing","single sculls (1x)","M"
"1592","Rowing","Rowing","single sculls (1x)","M"
"1594","Rowing","Rowing","single sculls (1x)","W"
"1595","Rowing","Rowing","single sculls (1x)","W"
"1597","Badminton","Badminton","singles","M"
"1598","Badminton","Badminton","singles","M"
"1600","Badminton","Badminton","singles","W"
"1601","Badminton","Badminton","singles","W"
"1603","Table Tennis","Table Tennis","singles","M"
"1604","Table Tennis","Table Tennis","singles","M"
"1606","Table Tennis","Table Tennis","singles","W"
"1607","Table Tennis","Table Tennis","singles","W"
"1609","Tennis","Tennis","singles","M"
"1610","Tennis","Tennis","singles","M"
"1612","Tennis","Tennis","singles","W"
"1613","Tennis","Tennis","singles","W"
"1615","Shooting","Shooting","skeet (125 targets)","M"
"1616","Shooting","Shooting","skeet (125 targets)","M"
"1618","Shooting","Shooting","skeet (75 targets)","W"
"1619","Shooting","Shooting","skeet (75 targets)","W"
"1621","Softball","Softball","softball","W"
"1622","Softball","Softball","softball","W"
"1623","Softball","Softball","softball","W"
"1624","Softball","Softball","softball","W"
"1625","Softball","Softball","softball","W"
"1626","Softball","Softball","softball","W"
"1627","Softball","Softball","softball","W"
"1628","Softball","Softball","softball","W"
"1629","Softball","Softball","softball","W"
"1630","Softball","Softball","softball","W"
"1631","Softball","Softball","softball","W"
"1632","Softball","Softball","softball","W"
"1633","Softball","Softball","softball","W"
"1634","Softball","Softball","softball","W"
"1635","Softball","Softball","softball","W"
"1636","Softball","Softball","softball","W"
"1637","Softball","Softball","softball","W"
"1638","Softball","Softball","softball","W"
"1639","Softball","Softball","softball","W"
"1640","Softball","Softball","softball","W"
"1641","Softball","Softball","softball","W"
"1642","Softball","Softball","softball","W"
"1643","Softball","Softball","softball","W"
"1644","Softball","Softball","softball","W"
"1645","Softball","Softball","softball","W"
"1646","Softball","Softball","softball","W"
"1647","Softball","Softball","softball","W"
"1648","Softball","Softball","softball","W"
"1649","Softball","Softball","softball","W"
"1650","Softball","Softball","softball","W"
"1651","Softball","Softball","softball","W"
"1652","Softball","Softball","softball","W"
"1653","Softball","Softball","softball","W"
"1654","Softball","Softball","softball","W"
"1655","Softball","Softball","softball","W"
"1656","Softball","Softball","softball","W"
"1657","Softball","Softball","softball","W"
"1658","Softball","Softball","softball","W"
"1659","Softball","Softball","softball","W"
"1660","Softball","Softball","softball","W"
"1661","Softball","Softball","softball","W"
"1662","Softball","Softball","softball","W"
"1663","Softball","Softball","softball","W"
"1664","Softball","Softball","softball","W"
"1666","Cycling","Cycling Track","sprint","W"
"1667","Cycling","Cycling Track","sprint","W"
"1669","Cycling","Cycling Track","Sprint indivual","M"
"1670","Cycling","Cycling Track","Sprint indivual","M"
"1672","Sailing","Sailing","Star - Keelboat","M"
"1673","Sailing","Sailing","Star - Keelboat","M"
"1674","Sailing","Sailing","Star - Keelboat","M"
"1675","Sailing","Sailing","Star - Keelboat","M"
"1676","Sailing","Sailing","Star - Keelboat","M"
"1678","Aquatics","Diving","synchronized diving 10m platform","M"
"1679","Aquatics","Diving","synchronized diving 10m platform","M"
"1680","Aquatics","Diving","synchronized diving 10m platform","M"
"1681","Aquatics","Diving","synchronized diving 10m platform","M"
"1682","Aquatics","Diving","synchronized diving 10m platform","M"
"1684","Aquatics","Diving","synchronized diving 10m platform","W"
"1685","Aquatics","Diving","synchronized diving 10m platform","W"
"1686","Aquatics","Diving","synchronized diving 10m platform","W"
"1687","Aquatics","Diving","synchronized diving 10m platform","W"
"1688","Aquatics","Diving","synchronized diving 10m platform","W"
"1690","Aquatics","Diving","synchronized diving 3m springboard","M"
"1691","Aquatics","Diving","synchronized diving 3m springboard","M"
"1692","Aquatics","Diving","synchronized diving 3m springboard","M"
"1693","Aquatics","Diving","synchronized diving 3m springboard","M"
"1694","Aquatics","Diving","synchronized diving 3m springboard","M"
"1696","Aquatics","Diving","synchronized diving 3m springboard","W"
"1697","Aquatics","Diving","synchronized diving 3m springboard","W"
"1698","Aquatics","Diving","synchronized diving 3m springboard","W"
"1699","Aquatics","Diving","synchronized diving 3m springboard","W"
"1700","Aquatics","Diving","synchronized diving 3m springboard","W"
"1702","Aquatics","Synchronized S.","team","W"
"1703","Aquatics","Synchronized S.","team","W"
"1704","Aquatics","Synchronized S.","team","W"
"1705","Aquatics","Synchronized S.","team","W"
"1706","Aquatics","Synchronized S.","team","W"
"1707","Aquatics","Synchronized S.","team","W"
"1708","Aquatics","Synchronized S.","team","W"
"1709","Aquatics","Synchronized S.","team","W"
"1710","Aquatics","Synchronized S.","team","W"
"1711","Aquatics","Synchronized S.","team","W"
"1712","Aquatics","Synchronized S.","team","W"
"1713","Aquatics","Synchronized S.","team","W"
"1714","Aquatics","Synchronized S.","team","W"
"1715","Aquatics","Synchronized S.","team","W"
"1716","Aquatics","Synchronized S.","team","W"
"1717","Aquatics","Synchronized S.","team","W"
"1718","Aquatics","Synchronized S.","team","W"
"1719","Aquatics","Synchronized S.","team","W"
"1720","Aquatics","Synchronized S.","team","W"
"1721","Aquatics","Synchronized S.","team","W"
"1722","Aquatics","Synchronized S.","team","W"
"1723","Aquatics","Synchronized S.","team","W"
"1724","Aquatics","Synchronized S.","team","W"
"1725","Aquatics","Synchronized S.","team","W"
"1726","Aquatics","Synchronized S.","team","W"
"1727","Aquatics","Synchronized S.","team","W"
"1729","Equestrian","Dressage","team","X"
"1730","Equestrian","Dressage","team","X"
"1731","Equestrian","Dressage","team","X"
"1732","Equestrian","Dressage","team","X"
"1733","Equestrian","Dressage","team","X"
"1734","Equestrian","Dressage","team","X"
"1735","Equestrian","Dressage","team","X"
"1736","Equestrian","Dressage","team","X"
"1738","Equestrian","Eventing","team","X"
"1739","Equestrian","Eventing","team","X"
"1740","Equestrian","Eventing","team","X"
"1741","Equestrian","Eventing","team","X"
"1742","Equestrian","Eventing","team","X"
"1743","Equestrian","Eventing","team","X"
"1744","Equestrian","Eventing","team","X"
"1745","Equestrian","Eventing","team","X"
"1746","Equestrian","Eventing","team","X"
"1747","Equestrian","Eventing","team","X"
"1748","Equestrian","Eventing","team","X"
"1749","Equestrian","Eventing","team","X"
"1750","Equestrian","Eventing","team","X"
"1751","Equestrian","Eventing","team","X"
"1753","Equestrian","Jumping","team","X"
"1754","Equestrian","Jumping","team","X"
"1755","Equestrian","Jumping","team","X"
"1756","Equestrian","Jumping","team","X"
"1757","Equestrian","Jumping","team","X"
"1758","Equestrian","Jumping","team","X"
"1759","Equestrian","Jumping","team","X"
"1760","Equestrian","Jumping","team","X"
"1761","Equestrian","Jumping","team","X"
"1762","Equestrian","Jumping","team","X"
"1763","Equestrian","Jumping","team","X"
"1765","Table Tennis","Table Tennis","team","M"
"1766","Table Tennis","Table Tennis","team","M"
"1767","Table Tennis","Table Tennis","team","M"
"1768","Table Tennis","Table Tennis","team","M"
"1769","Table Tennis","Table Tennis","team","M"
"1770","Table Tennis","Table Tennis","team","M"
"1771","Table Tennis","Table Tennis","team","M"
"1772","Table Tennis","Table Tennis","team","M"
"1774","Table Tennis","Table Tennis","team","W"
"1775","Table Tennis","Table Tennis","team","W"
"1776","Table Tennis","Table Tennis","team","W"
"1777","Table Tennis","Table Tennis","team","W"
"1778","Table Tennis","Table Tennis","team","W"
"1779","Table Tennis","Table Tennis","team","W"
"1780","Table Tennis","Table Tennis","team","W"
"1781","Table Tennis","Table Tennis","team","W"
"1783","Archery","Archery","team (FITA Olympic round - 70m)","M"
"1784","Archery","Archery","team (FITA Olympic round - 70m)","M"
"1785","Archery","Archery","team (FITA Olympic round - 70m)","M"
"1786","Archery","Archery","team (FITA Olympic round - 70m)","M"
"1787","Archery","Archery","team (FITA Olympic round - 70m)","M"
"1788","Archery","Archery","team (FITA Olympic round - 70m)","M"
"1789","Archery","Archery","team (FITA Olympic round - 70m)","M"
"1790","Archery","Archery","team (FITA Olympic round - 70m)","M"
"1792","Archery","Archery","team (FITA Olympic round - 70m)","W"
"1793","Archery","Archery","team (FITA Olympic round - 70m)","W"
"1794","Archery","Archery","team (FITA Olympic round - 70m)","W"
"1795","Archery","Archery","team (FITA Olympic round - 70m)","W"
"1796","Archery","Archery","team (FITA Olympic round - 70m)","W"
"1797","Archery","Archery","team (FITA Olympic round - 70m)","W"
"1798","Archery","Archery","team (FITA Olympic round - 70m)","W"
"1799","Archery","Archery","team (FITA Olympic round - 70m)","W"
"1801","Gymnastics","Artistic G.","team competition","M"
"1802","Gymnastics","Artistic G.","team competition","M"
"1803","Gymnastics","Artistic G.","team competition","M"
"1804","Gymnastics","Artistic G.","team competition","M"
"1805","Gymnastics","Artistic G.","team competition","M"
"1806","Gymnastics","Artistic G.","team competition","M"
"1807","Gymnastics","Artistic G.","team competition","M"
"1808","Gymnastics","Artistic G.","team competition","M"
"1809","Gymnastics","Artistic G.","team competition","M"
"1810","Gymnastics","Artistic G.","team competition","M"
"1811","Gymnastics","Artistic G.","team competition","M"
"1812","Gymnastics","Artistic G.","team competition","M"
"1813","Gymnastics","Artistic G.","team competition","M"
"1814","Gymnastics","Artistic G.","team competition","M"
"1815","Gymnastics","Artistic G.","team competition","M"
"1816","Gymnastics","Artistic G.","team competition","M"
"1817","Gymnastics","Artistic G.","team competition","M"
"1819","Gymnastics","Artistic G.","team competition","W"
"1820","Gymnastics","Artistic G.","team competition","W"
"1821","Gymnastics","Artistic G.","team competition","W"
"1822","Gymnastics","Artistic G.","team competition","W"
"1823","Gymnastics","Artistic G.","team competition","W"
"1824","Gymnastics","Artistic G.","team competition","W"
"1825","Gymnastics","Artistic G.","team competition","W"
"1826","Gymnastics","Artistic G.","team competition","W"
"1827","Gymnastics","Artistic G.","team competition","W"
"1828","Gymnastics","Artistic G.","team competition","W"
"1829","Gymnastics","Artistic G.","team competition","W"
"1830","Gymnastics","Artistic G.","team competition","W"
"1831","Gymnastics","Artistic G.","team competition","W"
"1832","Gymnastics","Artistic G.","team competition","W"
"1833","Gymnastics","Artistic G.","team competition","W"
"1834","Gymnastics","Artistic G.","team competition","W"
"1835","Gymnastics","Artistic G.","team competition","W"
"1837","Cycling","Cycling Track","Team Pursuit (4000m)","M"
"1838","Cycling","Cycling Track","Team Pursuit (4000m)","M"
"1839","Cycling","Cycling Track","Team Pursuit (4000m)","M"
"1840","Cycling","Cycling Track","Team Pursuit (4000m)","M"
"1841","Cycling","Cycling Track","Team Pursuit (4000m)","M"
"1842","Cycling","Cycling Track","Team Pursuit (4000m)","M"
"1843","Cycling","Cycling Track","Team Pursuit (4000m)","M"
"1844","Cycling","Cycling Track","Team Pursuit (4000m)","M"
"1845","Cycling","Cycling Track","Team Pursuit (4000m)","M"
"1846","Cycling","Cycling Track","Team Pursuit (4000m)","M"
"1847","Cycling","Cycling Track","Team Pursuit (4000m)","M"
"1849","Cycling","Cycling Track","Team Sprint","M"
"1850","Cycling","Cycling Track","Team Sprint","M"
"1851","Cycling","Cycling Track","Team Sprint","M"
"1852","Cycling","Cycling Track","Team Sprint","M"
"1853","Cycling","Cycling Track","Team Sprint","M"
"1854","Cycling","Cycling Track","Team Sprint","M"
"1855","Cycling","Cycling Track","Team Sprint","M"
"1856","Cycling","Cycling Track","Team Sprint","M"
"1858","Sailing","Sailing","Tornado - Multihull","X"
"1859","Sailing","Sailing","Tornado - Multihull","X"
"1860","Sailing","Sailing","Tornado - Multihull","X"
"1861","Sailing","Sailing","Tornado - Multihull","X"
"1862","Sailing","Sailing","Tornado - Multihull","X"
"1864","Shooting","Shooting","trap (125 targets)","M"
"1865","Shooting","Shooting","trap (125 targets)","M"
"1867","Shooting","Shooting","trap (75 targets)","W"
"1868","Shooting","Shooting","trap (75 targets)","W"
"1870","Athletics","Athletics","triple jump","M"
"1871","Athletics","Athletics","triple jump","M"
"1873","Athletics","Athletics","triple jump","W"
"1874","Athletics","Athletics","triple jump","W"
"1876","Gymnastics","Artistic G.","uneven bars","W"
"1877","Gymnastics","Artistic G.","uneven bars","W"
"1879","Gymnastics","Artistic G.","vault","M"
"1880","Gymnastics","Artistic G.","vault","M"
"1882","Gymnastics","Artistic G.","vault","W"
"1883","Gymnastics","Artistic G.","vault","W"
"1885","Volleyball","Volleyball","volleyball","M"
"1886","Volleyball","Volleyball","volleyball","M"
"1887","Volleyball","Volleyball","volleyball","M"
"1888","Volleyball","Volleyball","volleyball","M"
"1889","Volleyball","Volleyball","volleyball","M"
"1890","Volleyball","Volleyball","volleyball","M"
"1891","Volleyball","Volleyball","volleyball","M"
"1892","Volleyball","Volleyball","volleyball","M"
"1893","Volleyball","Volleyball","volleyball","M"
"1894","Volleyball","Volleyball","volleyball","M"
"1895","Volleyball","Volleyball","volleyball","M"
"1896","Volleyball","Volleyball","volleyball","M"
"1897","Volleyball","Volleyball","volleyball","M"
"1898","Volleyball","Volleyball","volleyball","M"
"1899","Volleyball","Volleyball","volleyball","M"
"1900","Volleyball","Volleyball","volleyball","M"
"1901","Volleyball","Volleyball","volleyball","M"
"1902","Volleyball","Volleyball","volleyball","M"
"1903","Volleyball","Volleyball","volleyball","M"
"1904","Volleyball","Volleyball","volleyball","M"
"1905","Volleyball","Volleyball","volleyball","M"
"1906","Volleyball","Volleyball","volleyball","M"
"1907","Volleyball","Volleyball","volleyball","M"
"1908","Volleyball","Volleyball","volleyball","M"
"1909","Volleyball","Volleyball","volleyball","M"
"1910","Volleyball","Volleyball","volleyball","M"
"1911","Volleyball","Volleyball","volleyball","M"
"1912","Volleyball","Volleyball","volleyball","M"
"1913","Volleyball","Volleyball","volleyball","M"
"1914","Volleyball","Volleyball","volleyball","M"
"1915","Volleyball","Volleyball","volleyball","M"
"1916","Volleyball","Volleyball","volleyball","M"
"1917","Volleyball","Volleyball","volleyball","M"
"1918","Volleyball","Volleyball","volleyball","M"
"1919","Volleyball","Volleyball","volleyball","M"
"1921","Volleyball","Volleyball","volleyball","W"
"1922","Volleyball","Volleyball","volleyball","W"
"1923","Volleyball","Volleyball","volleyball","W"
"1924","Volleyball","Volleyball","volleyball","W"
"1925","Volleyball","Volleyball","volleyball","W"
"1926","Volleyball","Volleyball","volleyball","W"
"1927","Volleyball","Volleyball","volleyball","W"
"1928","Volleyball","Volleyball","volleyball","W"
"1929","Volleyball","Volleyball","volleyball","W"
"1930","Volleyball","Volleyball","volleyball","W"
"1931","Volleyball","Volleyball","volleyball","W"
"1932","Volleyball","Volleyball","volleyball","W"
"1933","Volleyball","Volleyball","volleyball","W"
"1934","Volleyball","Volleyball","volleyball","W"
"1935","Volleyball","Volleyball","volleyball","W"
"1936","Volleyball","Volleyball","volleyball","W"
"1937","Volleyball","Volleyball","volleyball","W"
"1938","Volleyball","Volleyball","volleyball","W"
"1939","Volleyball","Volleyball","volleyball","W"
"1940","Volleyball","Volleyball","volleyball","W"
"1941","Volleyball","Volleyball","volleyball","W"
"1942","Volleyball","Volleyball","volleyball","W"
"1943","Volleyball","Volleyball","volleyball","W"
"1944","Volleyball","Volleyball","volleyball","W"
"1945","Volleyball","Volleyball","volleyball","W"
"1946","Volleyball","Volleyball","volleyball","W"
"1947","Volleyball","Volleyball","volleyball","W"
"1948","Volleyball","Volleyball","volleyball","W"
"1949","Volleyball","Volleyball","volleyball","W"
"1950","Volleyball","Volleyball","volleyball","W"
"1951","Volleyball","Volleyball","volleyball","W"
"1952","Volleyball","Volleyball","volleyball","W"
"1953","Volleyball","Volleyball","volleyball","W"
"1954","Volleyball","Volleyball","volleyball","W"
"1955","Volleyball","Volleyball","volleyball","W"
"1957","Aquatics","Water polo","water polo","M"
"1958","Aquatics","Water polo","water polo","M"
"1959","Aquatics","Water polo","water polo","M"
"1960","Aquatics","Water polo","water polo","M"
"1961","Aquatics","Water polo","water polo","M"
"1962","Aquatics","Water polo","water polo","M"
"1963","Aquatics","Water polo","water polo","M"
"1964","Aquatics","Water polo","water polo","M"
"1965","Aquatics","Water polo","water polo","M"
"1966","Aquatics","Water polo","water polo","M"
"1967","Aquatics","Water polo","water polo","M"
"1968","Aquatics","Water polo","water polo","M"
"1969","Aquatics","Water polo","water polo","M"
"1970","Aquatics","Water polo","water polo","M"
"1971","Aquatics","Water polo","water polo","M"
"1972","Aquatics","Water polo","water polo","M"
"1973","Aquatics","Water polo","water polo","M"
"1974","Aquatics","Water polo","water polo","M"
"1975","Aquatics","Water polo","water polo","M"
"1976","Aquatics","Water polo","water polo","M"
"1977","Aquatics","Water polo","water polo","M"
"1978","Aquatics","Water polo","water polo","M"
"1979","Aquatics","Water polo","water polo","M"
"1980","Aquatics","Water polo","water polo","M"
"1981","Aquatics","Water polo","water polo","M"
"1982","Aquatics","Water polo","water polo","M"
"1983","Aquatics","Water polo","water polo","M"
"1984","Aquatics","Water polo","water polo","M"
"1985","Aquatics","Water polo","water polo","M"
"1986","Aquatics","Water polo","water polo","M"
"1987","Aquatics","Water polo","water polo","M"
"1988","Aquatics","Water polo","water polo","M"
"1989","Aquatics","Water polo","water polo","M"
"1990","Aquatics","Water polo","water polo","M"
"1991","Aquatics","Water polo","water polo","M"
"1992","Aquatics","Water polo","water polo","M"
"1993","Aquatics","Water polo","water polo","M"
"1994","Aquatics","Water polo","water polo","M"
"1996","Aquatics","Water polo","water polo","W"
"1997","Aquatics","Water polo","water polo","W"
"1998","Aquatics","Water polo","water polo","W"
"1999","Aquatics","Water polo","water polo","W"
"2000","Aquatics","Water polo","water polo","W"
"2001","Aquatics","Water polo","water polo","W"
"2002","Aquatics","Water polo","water polo","W"
"2003","Aquatics","Water polo","water polo","W"
"2004","Aquatics","Water polo","water polo","W"
"2005","Aquatics","Water polo","water polo","W"
"2006","Aquatics","Water polo","water polo","W"
"2007","Aquatics","Water polo","water polo","W"
"2008","Aquatics","Water polo","water polo","W"
"2009","Aquatics","Water polo","water polo","W"
"2010","Aquatics","Water polo","water polo","W"
"2011","Aquatics","Water polo","water polo","W"
"2012","Aquatics","Water polo","water polo","W"
"2013","Aquatics","Water polo","water polo","W"
"2014","Aquatics","Water polo","water polo","W"
"2015","Aquatics","Water polo","water polo","W"
"2016","Aquatics","Water polo","water polo","W"
"2017","Aquatics","Water polo","water polo","W"
"2018","Aquatics","Water polo","water polo","W"
"2019","Aquatics","Water polo","water polo","W"
"2020","Aquatics","Water polo","water polo","W"
"2021","Aquatics","Water polo","water polo","W"
"2022","Aquatics","Water polo","water polo","W"
"2023","Aquatics","Water polo","water polo","W"
"2024","Aquatics","Water polo","water polo","W"
"2025","Aquatics","Water polo","water polo","W"
"2026","Aquatics","Water polo","water polo","W"
"2027","Aquatics","Water polo","water polo","W"
"2028","Aquatics","Water polo","water polo","W"
"2029","Aquatics","Water polo","water polo","W"
"2030","Aquatics","Water polo","water polo","W"
"2031","Aquatics","Water polo","water polo","W"
"2032","Aquatics","Water polo","water polo","W"
"2033","Aquatics","Water polo","water polo","W"
"2035","Sailing","Sailing","Yngling - Keelboat","W"
"2036","Sailing","Sailing","Yngling - Keelboat","W"
"2037","Sailing","Sailing","Yngling - Keelboat","W"
"2038","Sailing","Sailing","Yngling - Keelboat","W"
"2039","Sailing","Sailing","Yngling - Keelboat","W"
"2040","Sailing","Sailing","Yngling - Keelboat","W"
"2041","Sailing","Sailing","Yngling - Keelboat","W"
"2042","Sailing","Sailing","Yngling - Keelboat","W"
